Date,Country,Units,Revenue
2022-03-28,USA,343,15461.36
2019-01-04,Panama,93,
2019-01-07,Panama,,2220.36
2019-01-16,Brazil,103,1853.78
,USA,28,286.3
2019-01-44,Canada,372,24826.98
2019-01-26,Canada,61,1592.42
2019-01-28,Canada,264,3228.11
2019-01-13,Canada,27,257.97
2019-01-28,,323,3024.25